{
  "ours": {
    "mean_pred": [
      0.011630208603669426,
      0.08385028964872901,
      0.12188219698026959,
      0.2272832688029774,
      0.2893531504463642,
      0.3250767064775214,
      0.37848540117652585,
      0.4200091310152521,
      0.4781256832099672,
      0.5356976900111435,
      0.5669568901260694,
      0.6136448040563051,
      0.6654319228959857,
      0.7418491753279751,
      0.7902373830925651,
      0.8460003739975869,
      0.867215371056765,
      0.9454457477344819,
      0.9972397541509322
    ],
    "frac_pos": [
      0.0,
      0.02127659574468085,
      0.07213859698949163,
      0.19449972860502984,
      0.26276595744680853,
      0.3263888888888889,
      0.40333091962346124,
      0.40260303687635574,
      0.47574517825832846,
      0.5444319460067492,
      0.5625,
      0.6121067303863003,
      0.6500395882818686,
      0.711253701875617,
      0.8249834107498341,
      0.8797872340425532,
      0.9516806722689075,
      0.969885433715221,
      1.0
    ]
  },
  "nflfastr": {
    "mean_pred": [
      0.013713651300800727,
      0.07493123077445663,
      0.12475456982456136,
      0.17516487176247622,
      0.225513629042904,
      0.2755394055241682,
      0.3250820009737095,
      0.37575813021549714,
      0.4247630343642603,
      0.4750359995684052,
      0.5265577397708673,
      0.5739871030577576,
      0.6251789595400339,
      0.6746797343676546,
      0.7231274283604121,
      0.7746596593279271,
      0.8248435898241214,
      0.8748756022167516,
      0.9241928239263799,
      0.9851124340826258
    ],
    "frac_pos": [
      0.0,
      0.01154891304347826,
      0.06947368421052631,
      0.147820593809223,
      0.19735973597359735,
      0.3032015065913371,
      0.3476144109055501,
      0.3796423658872077,
      0.40778923253150057,
      0.47259387138541215,
      0.5315057283142389,
      0.5662514156285391,
      0.6111584327086882,
      0.6539727315467795,
      0.7006400787789266,
      0.7589803012746235,
      0.8473618090452262,
      0.9205665024630542,
      0.9693251533742331,
      0.9996962332928311
    ]
  }
}